{
  "project_info": {
    "project_number": "287866142687",
    "firebase_url": "https://inclass11-b53d3.firebaseio.com",
    "project_id": "inclass11-b53d3",
    "storage_bucket": "inclass11-b53d3.appspot.com"
  },
  "client": [
    {
      "client_info": {
        "mobilesdk_app_id": "1:287866142687:android:2b59fbdf3b8cf2933e0e6a",
        "android_client_info": {
          "package_name": "com.example.inclass11"
        }
      },
      "oauth_client": [
        {
          "client_id": "287866142687-95siuo5cnp12jl57n4jok8tvjvb19d1l.apps.googleusercontent.com",
          "client_type": 3
        }
      ],
      "api_key": [
        {
          "current_key": "AIzaSyB9lNanxU_XuaM2fpARFaAH3GiGPjDEEhg"
        }
      ],
      "services": {
        "appinvite_service": {
          "other_platform_oauth_client": [
            {
              "client_id": "287866142687-95siuo5cnp12jl57n4jok8tvjvb19d1l.apps.googleusercontent.com",
              "client_type": 3
            }
          ]
        }
      }
    }
  ],
  "configuration_version": "1"
}