{
  "project_info": {
    "project_number": "958068581840",
    "firebase_url": "https://deepakinclass10-8b513.firebaseio.com",
    "project_id": "deepakinclass10-8b513",
    "storage_bucket": "deepakinclass10-8b513.appspot.com"
  },
  "client": [
    {
      "client_info": {
        "mobilesdk_app_id": "1:958068581840:android:4285461a06754b2aeac5d5",
        "android_client_info": {
          "package_name": "com.example.inclass10"
        }
      },
      "oauth_client": [
        {
          "client_id": "958068581840-kd0nf5e1uifmo0oosdpen9su9i6rhrsf.apps.googleusercontent.com",
          "client_type": 3
        }
      ],
      "api_key": [
        {
          "current_key": "AIzaSyBHURZSnxLXaOUEcum4l0DpHvpc6qiPrcc"
        }
      ],
      "services": {
        "appinvite_service": {
          "other_platform_oauth_client": [
            {
              "client_id": "958068581840-kd0nf5e1uifmo0oosdpen9su9i6rhrsf.apps.googleusercontent.com",
              "client_type": 3
            }
          ]
        }
      }
    }
  ],
  "configuration_version": "1"
}